-- ============================================================================
-- BASE DE DATOS: RAPIMARKET
-- Motor: PostgreSQL
--
-- Instrucciones:
--   1. Crear la base de datos:
--        CREATE DATABASE RAPIMARKET;
--
-- Orden de ejecucion:
--   PASO 1  - Crear tablas base (sin dependencias FK)
--   PASO 2  - Crear tablas con dependencias de PASO 1
--   PASO 3  - Crear tablas con dependencias de PASO 2
--   PASO 4  - Insertar datos maestros (proveedores, clientes, ubicaciones)
--   PASO 5  - Insertar tablas dependientes de PASO 4 (productos, almacenes)
--   PASO 6  - Insertar movimientos (pedidos, entregas, transferencias)
--   PASO 7  - Insertar detalles y stock
-- ============================================================================

-- ============================================================================
-- PASO 1: TABLAS BASE (sin dependencias FK)
-- ============================================================================

-- Tabla 1.1: Proveedor
-- No tiene dependencias externas
CREATE TABLE Proveedor (
    IdProveedor INTEGER GENERATED BY DEFAULT AS IDENTITY PRIMARY KEY,
    NombreProveedor VARCHAR(255) NOT NULL,
    DireccionProveedor VARCHAR(500),
    Telefono VARCHAR(20),
    Email VARCHAR(100),
    Activo BOOLEAN NOT NULL DEFAULT TRUE,
    FechaCreacion TIMESTAMP NOT NULL DEFAULT CURRENT_TIMESTAMP,
    FechaModificacion TIMESTAMP
);

-- Tabla 1.2: Cliente
-- No tiene dependencias externas
CREATE TABLE Cliente (
    IdCliente INTEGER GENERATED BY DEFAULT AS IDENTITY PRIMARY KEY,
    NombreCliente VARCHAR(255) NOT NULL,
    DireccionCliente VARCHAR(500),
    Telefono VARCHAR(20),
    Email VARCHAR(100),
    Activo BOOLEAN NOT NULL DEFAULT TRUE,
    FechaCreacion TIMESTAMP NOT NULL DEFAULT CURRENT_TIMESTAMP,
    FechaModificacion TIMESTAMP
);

-- Tabla 1.3: Ubicacion
-- No tiene dependencias externas
CREATE TABLE Ubicacion (
    IdUbicacion INTEGER GENERATED BY DEFAULT AS IDENTITY PRIMARY KEY,
    NombreUbicacion VARCHAR(255) NOT NULL,
    DireccionUbicacion VARCHAR(500),
    Ciudad VARCHAR(100),
    Referencia VARCHAR(255),
    TelefonoContacto VARCHAR(20),
    Activo BOOLEAN NOT NULL DEFAULT TRUE,
    FechaCreacion TIMESTAMP NOT NULL DEFAULT CURRENT_TIMESTAMP,
    FechaModificacion TIMESTAMP
);

-- ============================================================================
-- PASO 2: TABLAS CON DEPENDENCIAS DE PASO 1
-- ============================================================================

-- Tabla 2.1: Producto
-- FK -> Proveedor (PASO 1.1)
CREATE TABLE Producto (
    IdProducto INTEGER GENERATED BY DEFAULT AS IDENTITY PRIMARY KEY,
    IdProveedor INTEGER NOT NULL,
    CodigoProducto VARCHAR(50),
    CodigoBarras VARCHAR(100),
    NombreProducto VARCHAR(255) NOT NULL,
    DescripcionProducto TEXT,
    CategoriaProducto VARCHAR(100),
    PrecioCompra NUMERIC(10,2) NOT NULL DEFAULT 0,
    PrecioVenta NUMERIC(10,2) NOT NULL DEFAULT 0,
    CantidadReorden INTEGER DEFAULT 0,
    PesoEmpaque NUMERIC(10,2),
    AltoEmpaque NUMERIC(10,2),
    AnchoEmpaque NUMERIC(10,2),
    ProfundidadEmpaque NUMERIC(10,2),
    Refrigerado BOOLEAN DEFAULT FALSE,
    Activo BOOLEAN NOT NULL DEFAULT TRUE,
    FechaCreacion TIMESTAMP NOT NULL DEFAULT CURRENT_TIMESTAMP,
    FechaModificacion TIMESTAMP,

    CONSTRAINT fk_producto_proveedor
        FOREIGN KEY (IdProveedor)
        REFERENCES Proveedor(IdProveedor)
);

-- Tabla 2.2: Almacen
-- FK -> Ubicacion (PASO 1.3)
CREATE TABLE Almacen (
    IdAlmacen INTEGER GENERATED BY DEFAULT AS IDENTITY PRIMARY KEY,
    IdUbicacion INTEGER NOT NULL,
    NombreAlmacen VARCHAR(255) NOT NULL,
    EsRefrigerado BOOLEAN DEFAULT FALSE,
    Activo BOOLEAN NOT NULL DEFAULT TRUE,
    FechaCreacion TIMESTAMP NOT NULL DEFAULT CURRENT_TIMESTAMP,
    FechaModificacion TIMESTAMP,

    CONSTRAINT fk_almacen_ubicacion
        FOREIGN KEY (IdUbicacion)
        REFERENCES Ubicacion(IdUbicacion)
);

-- ============================================================================
-- PASO 3: TABLAS CON DEPENDENCIAS DE PASO 2
-- ============================================================================

-- Tabla 3.1: Pedido
-- FK -> Proveedor (PASO 1.1), Almacen (PASO 2.2)
CREATE TABLE Pedido (
    IdPedido INTEGER GENERATED BY DEFAULT AS IDENTITY PRIMARY KEY,
    IdProveedor INTEGER NOT NULL,
    IdAlmacen INTEGER,
    FechaPedido TIMESTAMP NOT NULL DEFAULT CURRENT_TIMESTAMP,
    Estado VARCHAR(30) NOT NULL DEFAULT 'Pendiente',
    Activo BOOLEAN NOT NULL DEFAULT TRUE,
    FechaCreacion TIMESTAMP NOT NULL DEFAULT CURRENT_TIMESTAMP,
    FechaModificacion TIMESTAMP,

    CONSTRAINT fk_pedido_proveedor
        FOREIGN KEY (IdProveedor)
        REFERENCES Proveedor(IdProveedor),

    CONSTRAINT fk_pedido_almacen
        FOREIGN KEY (IdAlmacen)
        REFERENCES Almacen(IdAlmacen)
);

-- Tabla 3.2: Entrega
-- FK -> Cliente (PASO 1.2), Pedido (PASO 3.1), Almacen (PASO 2.2)
CREATE TABLE Entrega (
    IdEntrega INTEGER GENERATED BY DEFAULT AS IDENTITY PRIMARY KEY,
    IdCliente INTEGER NOT NULL,
    IdPedido INTEGER,
    IdAlmacen INTEGER,
    FechaVenta TIMESTAMP,
    FechaEsperada DATE,
    FechaReal DATE,
    Estado VARCHAR(30) NOT NULL DEFAULT 'Pendiente',
    Activo BOOLEAN NOT NULL DEFAULT TRUE,
    FechaCreacion TIMESTAMP NOT NULL DEFAULT CURRENT_TIMESTAMP,
    FechaModificacion TIMESTAMP,

    CONSTRAINT fk_entrega_cliente
        FOREIGN KEY (IdCliente)
        REFERENCES Cliente(IdCliente),

    CONSTRAINT fk_entrega_pedido
        FOREIGN KEY (IdPedido)
        REFERENCES Pedido(IdPedido),

    CONSTRAINT fk_entrega_almacen
        FOREIGN KEY (IdAlmacen)
        REFERENCES Almacen(IdAlmacen)
);

-- Tabla 3.3: DetallePedido
-- FK -> Pedido (PASO 3.1), Producto (PASO 2.1)
CREATE TABLE DetallePedido (
    IdDetallePedido INTEGER GENERATED BY DEFAULT AS IDENTITY PRIMARY KEY,
    IdPedido INTEGER NOT NULL,
    IdProducto INTEGER NOT NULL,
    Cantidad INTEGER NOT NULL,
    CantidadRecibida INTEGER DEFAULT 0,
    PrecioUnitario NUMERIC(10,2) NOT NULL,
    Activo BOOLEAN NOT NULL DEFAULT TRUE,
    FechaCreacion TIMESTAMP NOT NULL DEFAULT CURRENT_TIMESTAMP,
    FechaModificacion TIMESTAMP,

    CONSTRAINT fk_detpedido_pedido
        FOREIGN KEY (IdPedido)
        REFERENCES Pedido(IdPedido),

    CONSTRAINT fk_detpedido_producto
        FOREIGN KEY (IdProducto)
        REFERENCES Producto(IdProducto)
);

-- Tabla 3.4: DetalleEntrega
-- FK -> Entrega (PASO 3.2), Producto (PASO 2.1)
CREATE TABLE DetalleEntrega (
    IdDetalleEntrega INTEGER GENERATED BY DEFAULT AS IDENTITY PRIMARY KEY,
    IdEntrega INTEGER NOT NULL,
    IdProducto INTEGER NOT NULL,
    CantidadEntregada INTEGER NOT NULL,
    PrecioUnitario NUMERIC(10,2) NOT NULL,
    Activo BOOLEAN NOT NULL DEFAULT TRUE,
    FechaCreacion TIMESTAMP NOT NULL DEFAULT CURRENT_TIMESTAMP,
    FechaModificacion TIMESTAMP,

    CONSTRAINT fk_detentrega_entrega
        FOREIGN KEY (IdEntrega)
        REFERENCES Entrega(IdEntrega),

    CONSTRAINT fk_detentrega_producto
        FOREIGN KEY (IdProducto)
        REFERENCES Producto(IdProducto)
);

-- Tabla 3.5: Inventario
-- FK -> Producto (PASO 2.1), Almacen (PASO 2.2)
CREATE TABLE Inventario (
    IdInventario INTEGER GENERATED BY DEFAULT AS IDENTITY PRIMARY KEY,
    IdProducto INTEGER NOT NULL,
    IdAlmacen INTEGER NOT NULL,
    CantidadDisponible INTEGER DEFAULT 0,
    StockMinimo INTEGER DEFAULT 0,
    StockMaximo INTEGER DEFAULT 0,
    PuntoReorden INTEGER DEFAULT 0,
    Activo BOOLEAN NOT NULL DEFAULT TRUE,
    FechaCreacion TIMESTAMP NOT NULL DEFAULT CURRENT_TIMESTAMP,
    FechaModificacion TIMESTAMP,

    CONSTRAINT uk_producto_almacen
        UNIQUE (IdProducto, IdAlmacen),

    CONSTRAINT fk_inventario_producto
        FOREIGN KEY (IdProducto)
        REFERENCES Producto(IdProducto),

    CONSTRAINT fk_inventario_almacen
        FOREIGN KEY (IdAlmacen)
        REFERENCES Almacen(IdAlmacen)
);

-- Tabla 3.6: Transferencia
-- FK -> Almacen (PASO 2.2) x2
CREATE TABLE Transferencia (
    IdTransferencia INTEGER GENERATED BY DEFAULT AS IDENTITY PRIMARY KEY,
    IdAlmacenOrigen INTEGER NOT NULL,
    IdAlmacenDestino INTEGER NOT NULL,
    CantidadTransferida INTEGER NOT NULL,
    FechaEnvio TIMESTAMP,
    FechaRecepcion TIMESTAMP,
    Estado VARCHAR(30) NOT NULL DEFAULT 'Pendiente',
    Activo BOOLEAN NOT NULL DEFAULT TRUE,
    FechaCreacion TIMESTAMP NOT NULL DEFAULT CURRENT_TIMESTAMP,
    FechaModificacion TIMESTAMP,

    CONSTRAINT fk_transferencia_almacen_origen
        FOREIGN KEY (IdAlmacenOrigen)
        REFERENCES Almacen(IdAlmacen),

    CONSTRAINT fk_transferencia_almacen_destino
        FOREIGN KEY (IdAlmacenDestino)
        REFERENCES Almacen(IdAlmacen)
);

-- Tabla 3.7: DetalleTransferencia
-- FK -> Transferencia (PASO 3.6), Producto (PASO 2.1)
CREATE TABLE DetalleTransferencia (
    IdDetalleTransferencia INTEGER GENERATED BY DEFAULT AS IDENTITY PRIMARY KEY,
    IdTransferencia INTEGER NOT NULL,
    IdProducto INTEGER NOT NULL,
    CantidadTransferida INTEGER NOT NULL DEFAULT 0,
    Activo BOOLEAN NOT NULL DEFAULT TRUE,
    FechaCreacion TIMESTAMP NOT NULL DEFAULT CURRENT_TIMESTAMP,
    FechaModificacion TIMESTAMP,

    CONSTRAINT fk_dettransf_transferencia
        FOREIGN KEY (IdTransferencia)
        REFERENCES Transferencia(IdTransferencia),

    CONSTRAINT fk_dettransf_producto
        FOREIGN KEY (IdProducto)
        REFERENCES Producto(IdProducto)
);


-- ============================================================================
-- PASO 4: DATOS MAESTROS (sin FKs hacia tablas de movimiento)
-- ============================================================================

-- 4.1: Proveedores
INSERT INTO Proveedor (NombreProveedor, DireccionProveedor, Telefono, Email) VALUES
('Distribuidora Central SAC', 'Av. Industrial 1234, Cercado de Lima', '998123456', 'ventas@distribcentral.com'),
('Importaciones Global EIRL', 'Jr. Comercio 567, Miraflores', '997654321', 'pedidos@importglobal.com'),
('Mayorista Andinos SA', 'Av. La Marina 890, San Miguel', '996789012', 'ventas@mayorandinos.com'),
('Abastecimientos Rapid', 'Calle Los Olivos 345, Los Olivos', '995456789', 'contacto@aborapid.com'),
('Suministros del Sur', 'Av. Angamos 1200, Surquillo', '994321654', 'ventas@sumsur.com');

-- 4.2: Clientes
INSERT INTO Cliente (NombreCliente, DireccionCliente, Telefono, Email) VALUES
('Juan Perez Ramirez', 'Av. Javier Prado 2300, San Isidro', '998111222', 'juan.perez@gmail.com'),
('Maria Garcia Lopez', 'Calle Los Pinos 456, Surco', '997222333', 'maria.garcia@hotmail.com'),
('Carlos Rodriguez Silva', 'Av. Peru 789, Cercado de Lima', '996333444', 'carlos.rodriguez@yahoo.com'),
('Ana Martinez Fernandez', 'Jr. Amazonas 123, Jesus Maria', '995444555', 'ana.martinez@gmail.com'),
('Pedro Sanchez Mendoza', 'Av. La Paz 456, Magdalena', '994555666', 'pedro.sanchez@outlook.com'),
('Lucia Torres Gutierrez', 'Calle Bellavista 890, San Borja', '993666777', 'lucia.torres@gmail.com'),
('Roberto Diaz Castillo', 'Av. Salaverry 321, Jesus Maria', '992777888', 'roberto.diaz@hotmail.com'),
('Carmen Vargas Rios', 'Jr. Canete 567, Cercado de Lima', '991888999', 'carmen.vargas@gmail.com');

-- 4.3: Ubicaciones
INSERT INTO Ubicacion (NombreUbicacion, DireccionUbicacion, Ciudad, Referencia, TelefonoContacto) VALUES
('Sede Central Lima', 'Av. Industrial 5000, Ate', 'Lima', 'Frente al Mercado Mayorista de Ate', '016123456'),
('Centro de Distribucion Sur', 'Av. Aviacion 3200, Surco', 'Lima', 'Junto al centro comercial MegaPlaza', '016543210'),
('Bodega Arequipa', 'Av. Dolores 1200, Cayma', 'Arequipa', 'Detras del Parque Industrial', '054456789'),
('Centro Logistico Trujillo', 'Av. La Calera 800', 'Trujillo', 'A 2 cuadras del ovalo de Mansiche', '044321654'),
('Sucursal Cusco', 'Av. El Sol 456, Centro', 'Cusco', 'Frente a la Plaza de Armas', '084234567');

-- ============================================================================
-- PASO 5: TABLAS DEPENDIENTES DE PASO 4
-- ============================================================================

-- 5.1: Productos (depende de Proveedor)
INSERT INTO Producto (
    IdProveedor, CodigoProducto, CodigoBarras, NombreProducto,
    DescripcionProducto, CategoriaProducto, PrecioCompra, PrecioVenta,
    PesoEmpaque, Refrigerado
) VALUES
(1, 'BEB-001', '7750123456789', 'Agua San Luis 625ml', 'Agua purificada botella 625ml', 'Bebidas', 1.50, 2.50, 0.65, FALSE),
(1, 'BEB-002', '7750123456790', 'Gaseosa Inca Kola 500ml', 'Gaseosa sabor original 500ml', 'Bebidas', 2.00, 3.50, 0.55, FALSE),
(1, 'LAC-001', '7750123456791', 'Leche Gloria 400g', 'Leche evaporada entera 400g', 'Lacteos', 2.80, 4.20, 0.45, FALSE),
(2, 'CEB-001', '7750123456792', 'Cebolla Blanca 1kg', 'Cebolla blanca fresca por kilo', 'Frutas y Verduras', 3.50, 5.00, 1.00, FALSE),
(2, 'CEB-002', '7750123456793', 'Papa Amarilla 1kg', 'Papa amarilla selecta por kilo', 'Frutas y Verduras', 4.00, 6.00, 1.00, FALSE),
(2, 'TOM-001', '7750123456794', 'Tomate Italiano 1kg', 'Tomate italiano fresco por kilo', 'Frutas y Verduras', 3.80, 5.50, 1.00, FALSE),
(3, 'ARN-001', '7750123456795', 'Arroz Ceres 1kg', 'Arroz grano largo premium 1kg', 'Abarrotes', 3.20, 4.80, 1.00, FALSE),
(3, 'FRI-001', '7750123456796', 'Fideo Tallarin 500g', 'Fideo tallarin instantaneo 500g', 'Abarrotes', 2.50, 3.80, 0.50, FALSE),
(3, 'ACE-001', '7750123456797', 'Aceite Primor 1L', 'Aceite vegetal refinado 1 litro', 'Abarrotes', 5.50, 7.90, 1.00, FALSE),
(4, 'PAN-001', '7750123456798', 'Pan Blanco 1kg', 'Pan de molde blanco rebanado', 'Panaderia', 2.00, 3.50, 0.50, FALSE),
(4, 'GAL-001', '7750123456799', 'Galleta Casino 180g', 'Galleta soda clasica 180g', 'Panaderia', 1.80, 2.90, 0.20, FALSE),
(5, 'CON-001', '7750123456800', 'Atun Florida 170g', 'Atun en agua al natural 170g', 'Enlatados', 3.50, 5.20, 0.20, FALSE),
(5, 'CON-002', '7750123456801', 'Sardina Lozano 155g', 'Sardina en salsa de tomate 155g', 'Enlatados', 2.80, 4.00, 0.20, FALSE),
(1, 'LAC-002', '7750123456802', 'Yogurt Vivencial 200g', 'Yogurt fresa 200g', 'Lacteos', 1.50, 2.50, 0.25, TRUE),
(2, 'POL-001', '7750123456803', 'Pechuga de Pollo 1kg', 'Pechuga de pollo sin hueso', 'Carnes', 9.00, 13.00, 1.00, TRUE);

-- 5.2: Almacenes (depende de Ubicacion)
INSERT INTO Almacen (IdUbicacion, NombreAlmacen, EsRefrigerado) VALUES
(1, 'Almacen General Lima Centro', FALSE),       -- 1
(1, 'Almacen Refrigerado Lima Centro', TRUE),     -- 2
(2, 'Almacen Seco Sur', FALSE),                   -- 3
(2, 'Almacen Congelados Sur', TRUE),              -- 4
(3, 'Almacen Principal Arequipa', FALSE),         -- 5
(4, 'Almacen Central Trujillo', FALSE),           -- 6
(4, 'Almacen Refrigerado Trujillo', TRUE),        -- 7
(5, 'Almacen Cusco Centro', FALSE);               -- 8

-- ============================================================================
-- PASO 6: MOVIMIENTOS (pedidos, entregas, transferencias)
-- ============================================================================

-- 6.1: Pedidos
-- Estados: Pendiente, Enviado, Confirmado, En camino, Entregado, Parcial, Cancelado
-- IdAlmacen = donde se recibe la mercancia (solo al recibirse)
INSERT INTO Pedido (IdProveedor, IdAlmacen, FechaPedido, Estado) VALUES
(1, 1, '2026-07-01 09:00:00', 'Entregado'),      -- Recibido en Almacen Lima Centro
(1, 1, '2026-07-05 10:30:00', 'Entregado'),      -- Recibido en Almacen Lima Centro
(2, NULL, '2026-07-08 08:00:00', 'En camino'),   -- En transito, aun no se recibe
(3, NULL, '2026-07-10 14:00:00', 'Pendiente'),   -- Pendiente
(4, NULL, '2026-07-11 11:00:00', 'Pendiente'),   -- Pendiente
(5, NULL, '2026-07-12 09:30:00', 'Confirmado');  -- Proveedor confirmo, en preparacion

-- 6.2: Entregas
-- Estados: Pendiente, Preparando, En transito, Entregado, No entregado, Cancelado
-- IdAlmacen = de donde sale la mercancia (solo al despacharse)
INSERT INTO Entrega (IdCliente, IdPedido, IdAlmacen, FechaVenta, FechaEsperada, FechaReal, Estado) VALUES
(1, 1, 1, '2026-07-01 10:00:00', '2026-07-03', '2026-07-02', 'Entregado'),
(2, 1, 1, '2026-07-01 10:30:00', '2026-07-03', '2026-07-03', 'Entregado'),
(3, 2, 1, '2026-07-06 09:00:00', '2026-07-08', '2026-07-07', 'Entregado'),
(4, 3, 3, '2026-07-10 11:00:00', '2026-07-12', NULL, 'En transito'),
(5, NULL, NULL, '2026-07-12 08:00:00', '2026-07-14', NULL, 'Pendiente'),
(6, NULL, NULL, '2026-07-12 08:30:00', '2026-07-14', NULL, 'Pendiente');

-- 6.3: Transferencias
INSERT INTO Transferencia (IdAlmacenOrigen, IdAlmacenDestino, CantidadTransferida, FechaEnvio, FechaRecepcion, Estado) VALUES
(1, 2, 50, '2026-07-05 08:00:00', '2026-07-05 10:00:00', 'Completada'),
(1, 3, 30, '2026-07-08 09:00:00', NULL, 'En transito'),
(2, 4, 20, '2026-07-10 14:00:00', NULL, 'Pendiente'),
(6, 7, 15, '2026-07-11 10:00:00', '2026-07-11 14:00:00', 'Completada');

-- ============================================================================
-- PASO 7: DETALLES Y STOCK
-- ============================================================================

-- 7.1: Detalle Pedido
-- CantidadRecibida = lo que realmente llego (rellenar al recibir)
INSERT INTO DetallePedido (IdPedido, IdProducto, Cantidad, CantidadRecibida, PrecioUnitario) VALUES
-- Pedido 1 - Entregado (recibido todo)
(1, 1, 100, 100, 1.50),
(1, 2, 80, 80, 2.00),
(1, 3, 60, 60, 2.80),
-- Pedido 2 - Entregado (recibido todo)
(2, 14, 50, 50, 1.50),
(2, 15, 30, 30, 9.00),
-- Pedido 3 - En camino (sin recibir aun)
(3, 4, 40, 0, 3.50),
(3, 5, 35, 0, 4.00),
(3, 6, 25, 0, 3.80),
-- Pedido 4 - Pendiente
(4, 7, 80, 0, 3.20),
(4, 8, 60, 0, 2.50),
(4, 9, 40, 0, 5.50),
-- Pedido 5 - Pendiente
(5, 10, 50, 0, 2.00),
(5, 11, 40, 0, 1.80),
-- Pedido 6 - Confirmado
(6, 12, 70, 0, 3.50),
(6, 13, 60, 0, 2.80);

-- 7.2: Detalle Entrega
INSERT INTO DetalleEntrega (IdEntrega, IdProducto, CantidadEntregada, PrecioUnitario) VALUES
(1, 1, 20, 2.50),
(1, 2, 15, 3.50),
(1, 3, 10, 4.20),
(2, 1, 10, 2.50),
(2, 14, 8, 2.50),
(3, 4, 10, 5.00),
(3, 5, 8, 6.00),
(4, 7, 15, 4.80),
(4, 8, 12, 3.80),
(4, 9, 8, 7.90);

-- 7.3: Detalle Transferencia
INSERT INTO DetalleTransferencia (IdTransferencia, IdProducto, CantidadTransferida) VALUES
-- Transferencia 1: Lima Centro -> Sur (Gaseosa Inca Kola)
(1, 2, 50),
-- Transferencia 2: Lima Centro -> Arequipa (Agua San Luis)
(2, 1, 30),
-- Transferencia 3: Sur -> Congelados Sur (Yogurt) - pendiente
(3, 14, 20),
-- Transferencia 4: Trujillo Centro -> Trujillo Refrigerado (Arroz)
(4, 7, 15);

-- 7.4: Inventario (stock actual)
-- Stock considerando: pedidos recibidos, entregas despachadas, transferencias completadas
INSERT INTO Inventario (IdProducto, IdAlmacen, CantidadDisponible, StockMinimo, StockMaximo, PuntoReorden) VALUES
-- Producto 1 (Agua San Luis)
(1, 1, 170, 50, 500, 80),
(1, 3, 130, 30, 300, 50),
-- Producto 2 (Gaseosa Inca Kola)
(2, 1, 165, 40, 400, 70),
(2, 2, 50, 30, 250, 40),
-- Producto 3 (Leche Gloria)
(3, 1, 110, 30, 300, 50),
(3, 2, 80, 20, 200, 30),
-- Producto 4 (Cebolla)
(4, 1, 60, 20, 200, 30),
(4, 5, 40, 15, 150, 25),
-- Producto 5 (Papa)
(5, 1, 50, 20, 200, 30),
(5, 5, 35, 15, 150, 25),
-- Producto 6 (Tomate)
(6, 1, 45, 15, 150, 25),
-- Producto 7 (Arroz)
(7, 1, 100, 30, 300, 50),
(7, 6, 80, 25, 250, 40),
-- Producto 8 (Fideo)
(8, 1, 90, 25, 250, 40),
-- Producto 9 (Aceite)
(9, 1, 70, 20, 200, 30),
-- Producto 10 (Pan)
(10, 1, 60, 20, 200, 30),
(10, 8, 45, 15, 150, 25),
-- Producto 11 (Galleta)
(11, 1, 80, 25, 250, 40),
-- Producto 12 (Atun)
(12, 1, 100, 30, 300, 50),
-- Producto 13 (Sardina)
(13, 1, 90, 25, 250, 40),
-- Producto 14 (Yogurt)
(14, 2, 40, 15, 150, 25),
(14, 4, 30, 10, 100, 20),
-- Producto 15 (Pechuga)
(15, 2, 35, 10, 100, 20),
(15, 4, 25, 10, 100, 20);

-- ============================================================================
-- FIN DEL SCRIPT
-- ============================================================================
